material,638869586dbab9f64bf02f9b,material,"{""code"":400,""subCode"":400,""message"":字段code=shuziqujian的数据类型需NumIntArray类型,""reason"":字段code=shuziqujian的数据类型需NumIntArray类型,""level"":WARN}"
material,63a958c20673a12341690fe3,material,"{""code"":400,""subCode"":400,""message"":本地化存在自定义字段,但没有配置本地化内容,将导致客户端下发数据缺少自定义字段!,""reason"":本地化存在自定义字段,但没有配置本地化内容,将导致客户端下发数据缺少自定义字段!,""level"":WARN}"
material,63a419b10673a12341690fe2,material,"{""code"":400,""subCode"":400,""message"":本地化存在自定义字段,但没有配置本地化内容,将导致客户端下发数据缺少自定义字段!,""reason"":本地化存在自定义字段,但没有配置本地化内容,将导致客户端下发数据缺少自定义字段!,""level"":WARN}"
material,63918ee0dd0154ce25b00c3a,material,"{""code"":400,""subCode"":400,""message"":本地化存在自定义字段,但没有配置本地化内容,将导致客户端下发数据缺少自定义字段!,""reason"":本地化存在自定义字段,但没有配置本地化内容,将导致客户端下发数据缺少自定义字段!,""level"":WARN}"
material,63918eb8dd0154ce25b00c39,material,"{""code"":400,""subCode"":400,""message"":本地化存在自定义字段,但没有配置本地化内容,将导致客户端下发数据缺少自定义字段!,""reason"":本地化存在自定义字段,但没有配置本地化内容,将导致客户端下发数据缺少自定义字段!,""level"":WARN}"
material,63918ba8c38c69aca0dc7ada,material,"{""code"":400,""subCode"":400,""message"":本地化存在自定义字段,但没有配置本地化内容,将导致客户端下发数据缺少自定义字段!,""reason"":本地化存在自定义字段,但没有配置本地化内容,将导致客户端下发数据缺少自定义字段!,""level"":WARN}"
material,637b36c3bcc520f440a3c8cc,material,"{""code"":400,""subCode"":400,""message"":本地化存在自定义字段,但没有配置本地化内容,将导致客户端下发数据缺少自定义字段!,""reason"":本地化存在自定义字段,但没有配置本地化内容,将导致客户端下发数据缺少自定义字段!,""level"":WARN}"
material,6378a2afa8123a30190da009,material,"{""code"":400,""subCode"":400,""message"":字段code=fudianshu的数据类型需NumFloat类型,""reason"":字段code=fudianshu的数据类型需NumFloat类型,""level"":WARN}"
material,637739c6a8123a30190da001,material,"{""code"":400,""subCode"":400,""message"":字段code=number_period的数据类型需NumIntArray类型,""reason"":字段code=number_period的数据类型需NumIntArray类型,""level"":WARN}"
material,63772a50e047a0c08255e7a1,material,"{""code"":400,""subCode"":400,""message"":字段code=number_period的数据类型需NumIntArray类型,""reason"":字段code=number_period的数据类型需NumIntArray类型,""level"":WARN}"
material,6374412327a7334675138b58,material,"{""code"":400,""subCode"":400,""message"":字段code=xuanzebuerzhi的数据类型需NumFloat类型,""reason"":字段code=xuanzebuerzhi的数据类型需NumFloat类型,""level"":WARN}"
material,6373beda27a7334675138b57,material,"{""code"":400,""subCode"":400,""message"":字段code=xuanzebuerzhi的数据类型需NumFloat类型,""reason"":字段code=xuanzebuerzhi的数据类型需NumFloat类型,""level"":WARN}"
material,6373be5f27a7334675138b56,material,"{""code"":400,""subCode"":400,""message"":字段code=xuanzebuerzhi的数据类型需NumFloat类型,""reason"":字段code=xuanzebuerzhi的数据类型需NumFloat类型,""level"":WARN}"
material,6373557f27a7334675138b53,material,"{""code"":400,""subCode"":400,""message"":本地化存在自定义字段,但没有配置本地化内容,将导致客户端下发数据缺少自定义字段!,""reason"":本地化存在自定义字段,但没有配置本地化内容,将导致客户端下发数据缺少自定义字段!,""level"":WARN}"
material,6371fee427a7334675138b52,material,"{""code"":400,""subCode"":400,""message"":字段code=xuanzebuerzhi的数据类型需NumFloat类型,""reason"":字段code=xuanzebuerzhi的数据类型需NumFloat类型,""level"":WARN}"
material,634cfcad15fc7647943f2a9a,material,"{""code"":400,""subCode"":400,""message"":本地化存在自定义字段,但没有配置本地化内容,将导致客户端下发数据缺少自定义字段!,""reason"":本地化存在自定义字段,但没有配置本地化内容,将导致客户端下发数据缺少自定义字段!,""level"":WARN}"
material,632d5fded3806c045b9e3bde,material,"{""code"":400,""subCode"":400,""message"":字段code=duoxuanzhengxing1 数组元素个数需能被2整除,""reason"":字段code=duoxuanzhengxing1 数组元素个数需能被2整除,""level"":WARN}"
material,59147e3a7c2d6ccc3749f1ac,material,"{""code"":400,""subCode"":400,""message"":本地化存在自定义字段,但没有配置本地化内容,将导致客户端下发数据缺少自定义字段!,""reason"":本地化存在自定义字段,但没有配置本地化内容,将导致客户端下发数据缺少自定义字段!,""level"":WARN}"
material,59147e207a2c5233517d66e3,material,"{""code"":400,""subCode"":400,""message"":本地化存在自定义字段,但没有配置本地化内容,将导致客户端下发数据缺少自定义字段!,""reason"":本地化存在自定义字段,但没有配置本地化内容,将导致客户端下发数据缺少自定义字段!,""level"":WARN}"
material,59147e0660ff60aa5536a3bb,material,"{""code"":400,""subCode"":400,""message"":本地化存在自定义字段,但没有配置本地化内容,将导致客户端下发数据缺少自定义字段!,""reason"":本地化存在自定义字段,但没有配置本地化内容,将导致客户端下发数据缺少自定义字段!,""level"":WARN}"
material,59147dcc7c2d6cdd3649f1ac,material,"{""code"":400,""subCode"":400,""message"":本地化存在自定义字段,但没有配置本地化内容,将导致客户端下发数据缺少自定义字段!,""reason"":本地化存在自定义字段,但没有配置本地化内容,将导致客户端下发数据缺少自定义字段!,""level"":WARN}"
material,59147da0f1713f0a4aade72c,material,"{""code"":400,""subCode"":400,""message"":本地化存在自定义字段,但没有配置本地化内容,将导致客户端下发数据缺少自定义字段!,""reason"":本地化存在自定义字段,但没有配置本地化内容,将导致客户端下发数据缺少自定义字段!,""level"":WARN}"
material,59147d88f1713fd14aade72c,material,"{""code"":400,""subCode"":400,""message"":本地化存在自定义字段,但没有配置本地化内容,将导致客户端下发数据缺少自定义字段!,""reason"":本地化存在自定义字段,但没有配置本地化内容,将导致客户端下发数据缺少自定义字段!,""level"":WARN}"
material,59019a2c8f00dcfc760f4ed9,material,"{""code"":400,""subCode"":400,""message"":本地化存在自定义字段,但没有配置本地化内容,将导致客户端下发数据缺少自定义字段!,""reason"":本地化存在自定义字段,但没有配置本地化内容,将导致客户端下发数据缺少自定义字段!,""level"":WARN}"
material,59019a1142e3687c07c226a2,material,"{""code"":400,""subCode"":400,""message"":本地化存在自定义字段,但没有配置本地化内容,将导致客户端下发数据缺少自定义字段!,""reason"":本地化存在自定义字段,但没有配置本地化内容,将导致客户端下发数据缺少自定义字段!,""level"":WARN}"
material,590199f256d9fe81070b58fc,material,"{""code"":400,""subCode"":400,""message"":本地化存在自定义字段,但没有配置本地化内容,将导致客户端下发数据缺少自定义字段!,""reason"":本地化存在自定义字段,但没有配置本地化内容,将导致客户端下发数据缺少自定义字段!,""level"":WARN}"
material,590199d25f8800196d8a3f33,material,"{""code"":400,""subCode"":400,""message"":本地化存在自定义字段,但没有配置本地化内容,将导致客户端下发数据缺少自定义字段!,""reason"":本地化存在自定义字段,但没有配置本地化内容,将导致客户端下发数据缺少自定义字段!,""level"":WARN}"
material,590199b65f8800f56c8a3f33,material,"{""code"":400,""subCode"":400,""message"":本地化存在自定义字段,但没有配置本地化内容,将导致客户端下发数据缺少自定义字段!,""reason"":本地化存在自定义字段,但没有配置本地化内容,将导致客户端下发数据缺少自定义字段!,""level"":WARN}"
material,5901999242e3687e07c226a2,material,"{""code"":400,""subCode"":400,""message"":本地化存在自定义字段,但没有配置本地化内容,将导致客户端下发数据缺少自定义字段!,""reason"":本地化存在自定义字段,但没有配置本地化内容,将导致客户端下发数据缺少自定义字段!,""level"":WARN}"
material,58fdfbc65b4ca927078d2ed7,material,"{""code"":400,""subCode"":400,""message"":本地化存在自定义字段,但没有配置本地化内容,将导致客户端下发数据缺少自定义字段!,""reason"":本地化存在自定义字段,但没有配置本地化内容,将导致客户端下发数据缺少自定义字段!,""level"":WARN}"
material,58fa2bce3924864738c6ef94,material,"{""code"":400,""subCode"":400,""message"":本地化存在自定义字段,但没有配置本地化内容,将导致客户端下发数据缺少自定义字段!,""reason"":本地化存在自定义字段,但没有配置本地化内容,将导致客户端下发数据缺少自定义字段!,""level"":WARN}"
material,58fa2bac997b7dfd071d7a8c,material,"{""code"":400,""subCode"":400,""message"":本地化存在自定义字段,但没有配置本地化内容,将导致客户端下发数据缺少自定义字段!,""reason"":本地化存在自定义字段,但没有配置本地化内容,将导致客户端下发数据缺少自定义字段!,""level"":WARN}"
material,58fa2b86997b7d0b081d7a8c,material,"{""code"":400,""subCode"":400,""message"":本地化存在自定义字段,但没有配置本地化内容,将导致客户端下发数据缺少自定义字段!,""reason"":本地化存在自定义字段,但没有配置本地化内容,将导致客户端下发数据缺少自定义字段!,""level"":WARN}"
material,58fa2b5f997b7d22081d7a8c,material,"{""code"":400,""subCode"":400,""message"":本地化存在自定义字段,但没有配置本地化内容,将导致客户端下发数据缺少自定义字段!,""reason"":本地化存在自定义字段,但没有配置本地化内容,将导致客户端下发数据缺少自定义字段!,""level"":WARN}"
material,58fa2b2c997b7d1d081d7a8c,material,"{""code"":400,""subCode"":400,""message"":本地化存在自定义字段,但没有配置本地化内容,将导致客户端下发数据缺少自定义字段!,""reason"":本地化存在自定义字段,但没有配置本地化内容,将导致客户端下发数据缺少自定义字段!,""level"":WARN}"
material,58fa2aef3924868a3bc6ef94,material,"{""code"":400,""subCode"":400,""message"":本地化存在自定义字段,但没有配置本地化内容,将导致客户端下发数据缺少自定义字段!,""reason"":本地化存在自定义字段,但没有配置本地化内容,将导致客户端下发数据缺少自定义字段!,""level"":WARN}"
material,58fa298e997b7d24081d7a8c,material,"{""code"":400,""subCode"":400,""message"":本地化存在自定义字段,但没有配置本地化内容,将导致客户端下发数据缺少自定义字段!,""reason"":本地化存在自定义字段,但没有配置本地化内容,将导致客户端下发数据缺少自定义字段!,""level"":WARN}"
material,58f0431bf638731a08992fa4,material,"{""code"":400,""subCode"":400,""message"":本地化存在自定义字段,但没有配置本地化内容,将导致客户端下发数据缺少自定义字段!,""reason"":本地化存在自定义字段,但没有配置本地化内容,将导致客户端下发数据缺少自定义字段!,""level"":WARN}"
material,58f042d883bfe96a0761a4c1,material,"{""code"":400,""subCode"":400,""message"":本地化存在自定义字段,但没有配置本地化内容,将导致客户端下发数据缺少自定义字段!,""reason"":本地化存在自定义字段,但没有配置本地化内容,将导致客户端下发数据缺少自定义字段!,""level"":WARN}"
material,58f02c689f3383e65dd68335,material,"{""code"":400,""subCode"":400,""message"":本地化存在自定义字段,但没有配置本地化内容,将导致客户端下发数据缺少自定义字段!,""reason"":本地化存在自定义字段,但没有配置本地化内容,将导致客户端下发数据缺少自定义字段!,""level"":WARN}"
material,58f02ad59f3383d85cd68335,material,"{""code"":400,""subCode"":400,""message"":本地化存在自定义字段,但没有配置本地化内容,将导致客户端下发数据缺少自定义字段!,""reason"":本地化存在自定义字段,但没有配置本地化内容,将导致客户端下发数据缺少自定义字段!,""level"":WARN}"
material,58f0296483bfe96f0761a4c1,material,"{""code"":400,""subCode"":400,""message"":本地化存在自定义字段,但没有配置本地化内容,将导致客户端下发数据缺少自定义字段!,""reason"":本地化存在自定义字段,但没有配置本地化内容,将导致客户端下发数据缺少自定义字段!,""level"":WARN}"
material,58f028cef63873f707992fa4,material,"{""code"":400,""subCode"":400,""message"":本地化存在自定义字段,但没有配置本地化内容,将导致客户端下发数据缺少自定义字段!,""reason"":本地化存在自定义字段,但没有配置本地化内容,将导致客户端下发数据缺少自定义字段!,""level"":WARN}"
material,58c25df9bdf0bfef36e23add,material,"{""code"":400,""subCode"":400,""message"":本地化存在自定义字段,但没有配置本地化内容,将导致客户端下发数据缺少自定义字段!,""reason"":本地化存在自定义字段,但没有配置本地化内容,将导致客户端下发数据缺少自定义字段!,""level"":WARN}"
material,58c25dcf359a9f19059b50cf,material,"{""code"":400,""subCode"":400,""message"":本地化存在自定义字段,但没有配置本地化内容,将导致客户端下发数据缺少自定义字段!,""reason"":本地化存在自定义字段,但没有配置本地化内容,将导致客户端下发数据缺少自定义字段!,""level"":WARN}"
material,58c25daa10aa902179ad7125,material,"{""code"":400,""subCode"":400,""message"":本地化存在自定义字段,但没有配置本地化内容,将导致客户端下发数据缺少自定义字段!,""reason"":本地化存在自定义字段,但没有配置本地化内容,将导致客户端下发数据缺少自定义字段!,""level"":WARN}"
material,58c25d8610aa90747aad7125,material,"{""code"":400,""subCode"":400,""message"":本地化存在自定义字段,但没有配置本地化内容,将导致客户端下发数据缺少自定义字段!,""reason"":本地化存在自定义字段,但没有配置本地化内容,将导致客户端下发数据缺少自定义字段!,""level"":WARN}"
material,58c25d50b3caa748050a316a,material,"{""code"":400,""subCode"":400,""message"":本地化存在自定义字段,但没有配置本地化内容,将导致客户端下发数据缺少自定义字段!,""reason"":本地化存在自定义字段,但没有配置本地化内容,将导致客户端下发数据缺少自定义字段!,""level"":WARN}"
material,58c25d0d10aa905f7aad7125,material,"{""code"":400,""subCode"":400,""message"":本地化存在自定义字段,但没有配置本地化内容,将导致客户端下发数据缺少自定义字段!,""reason"":本地化存在自定义字段,但没有配置本地化内容,将导致客户端下发数据缺少自定义字段!,""level"":WARN}"
material,63993c100673a12341690fc9,material,"{""code"":400,""subCode"":400,""message"":字段code=number的数据类型需NumFloat类型,""reason"":字段code=number的数据类型需NumFloat类型,""level"":WARN}"
material,63918016dd0154ce25b00bcf,material,"{""code"":400,""subCode"":400,""message"":字段code=shuziqujian的数据类型需NumIntArray类型,""reason"":字段code=shuziqujian的数据类型需NumIntArray类型,""level"":WARN}"
material,63915862bdecf99ff1d97442,material,"{""code"":400,""subCode"":400,""message"":字段code=shuziqujian的数据类型需NumIntArray类型,""reason"":字段code=shuziqujian的数据类型需NumIntArray类型,""level"":WARN}"
material,639042f0bc5753352ac94786,material,"{""code"":400,""subCode"":400,""message"":字段code=shuziqujian的数据类型需NumIntArray类型,""reason"":字段code=shuziqujian的数据类型需NumIntArray类型,""level"":WARN}"
material,6390361dbc5753352ac94785,material,"{""code"":400,""subCode"":400,""message"":本地化存在自定义字段,但没有配置本地化内容,将导致客户端下发数据缺少自定义字段!,""reason"":本地化存在自定义字段,但没有配置本地化内容,将导致客户端下发数据缺少自定义字段!,""level"":WARN}"
material,638da25f9a2a17043dfca221,material,"{""code"":400,""subCode"":400,""message"":本地化存在自定义字段,但没有配置本地化内容,将导致客户端下发数据缺少自定义字段!,""reason"":本地化存在自定义字段,但没有配置本地化内容,将导致客户端下发数据缺少自定义字段!,""level"":WARN}"
material,637dfcad37518022097f4214,material,"{""code"":400,""subCode"":400,""message"":字段code=shuziqujian的数据类型需NumIntArray类型,""reason"":字段code=shuziqujian的数据类型需NumIntArray类型,""level"":WARN}"
material,637df89937518022097f4212,material,"{""code"":400,""subCode"":400,""message"":字段code=bendihua1 必填字段值不存在,""reason"":字段code=bendihua1 必填字段值不存在,""level"":WARN}"
material,637dc120c7f4daffa5b0df07,material,"{""code"":400,""subCode"":400,""message"":本地化存在自定义字段,但没有配置本地化内容,将导致客户端下发数据缺少自定义字段!,""reason"":本地化存在自定义字段,但没有配置本地化内容,将导致客户端下发数据缺少自定义字段!,""level"":WARN}"
material,6324282b7248a8792e61f654,material,"{""code"":400,""subCode"":400,""message"":字段code=xiaoshu的数据类型需NumFloat类型,""reason"":字段code=xiaoshu的数据类型需NumFloat类型,""level"":WARN}"
material,6316e016a6dee97abba87252,material,"{""code"":400,""subCode"":400,""message"":字段code=xuanze 必填字段值不存在,""reason"":字段code=xuanze 必填字段值不存在,""level"":WARN}"
material,63107f04cb991099b76e9ca8,material,"{""code"":400,""subCode"":400,""message"":字段code=number的数据类型需NumFloat类型,""reason"":字段code=number的数据类型需NumFloat类型,""level"":WARN}"
material,62fc5705ff5ed9f3c6ff15ce,material,"{""code"":400,""subCode"":400,""message"":字段code=xiaoshu的数据类型需NumFloat类型,""reason"":字段code=xiaoshu的数据类型需NumFloat类型,""level"":WARN}"
material,62fc52a4ff5ed9f3c6ff15cd,material,"{""code"":400,""subCode"":400,""message"":字段code=xiaoshu的数据类型需NumFloat类型,""reason"":字段code=xiaoshu的数据类型需NumFloat类型,""level"":WARN}"
material,62fc47e4ff5ed9f3c6ff15cc,material,"{""code"":400,""subCode"":400,""message"":字段code=xiaoshu的数据类型需NumFloat类型,""reason"":字段code=xiaoshu的数据类型需NumFloat类型,""level"":WARN}"
material,62e8d68a79b14f5d2d06e7ec,material,"{""code"":400,""subCode"":400,""message"":字段code=fanwei的数据类型需NumIntArray类型,""reason"":字段code=fanwei的数据类型需NumIntArray类型,""level"":WARN}"
material,62e8d60d79b14f5d2d06e7eb,material,"{""code"":400,""subCode"":400,""message"":字段code=fanwei的数据类型需NumIntArray类型,""reason"":字段code=fanwei的数据类型需NumIntArray类型,""level"":WARN}"
material,62e8d5ef79b14f5d2d06e7ea,material,"{""code"":400,""subCode"":400,""message"":字段code=fanwei的数据类型需NumIntArray类型,""reason"":字段code=fanwei的数据类型需NumIntArray类型,""level"":WARN}"
material,62e797886b6b3f978ca5f00a,material,"{""code"":400,""subCode"":400,""message"":字段code=shuziqingqiu的数据类型需NumIntArray类型,""reason"":字段code=shuziqingqiu的数据类型需NumIntArray类型,""level"":WARN}"
material,62e78fd5fdcb6575cb0d1a44,material,"{""code"":400,""subCode"":400,""message"":字段code=shuziqingqiu的数据类型需NumIntArray类型,""reason"":字段code=shuziqingqiu的数据类型需NumIntArray类型,""level"":WARN}"
material,62e78fb8fdcb6575cb0d1a43,material,"{""code"":400,""subCode"":400,""message"":字段code=shuziqingqiu的数据类型需NumIntArray类型,""reason"":字段code=shuziqingqiu的数据类型需NumIntArray类型,""level"":WARN}"
material,62d8cc23eb49612461553406,material,"{""code"":400,""subCode"":400,""message"":字段code=shuziqujian的数据类型需NumIntArray类型,""reason"":字段code=shuziqujian的数据类型需NumIntArray类型,""level"":WARN}"
material,615d8086bd0cf262a2acb1e6,material,mongo: no documents in result
material,61cb2a0b451816005adbcff5,material,"{""code"":400,""subCode"":400,""message"":字段code=vip 类型为NumberInt的值只能为0/1,""reason"":字段code=vip 类型为NumberInt的值只能为0/1,""level"":WARN}"
material,61cb298b261744180f2a8f42,material,"{""code"":400,""subCode"":400,""message"":字段code=vip 类型为NumberInt的值只能为0/1,""reason"":字段code=vip 类型为NumberInt的值只能为0/1,""level"":WARN}"
material,619f32a6c28b15826e6a2c4e,material,"{""code"":400,""subCode"":400,""message"":字段code=vip 类型为NumberInt的值只能为0/1,""reason"":字段code=vip 类型为NumberInt的值只能为0/1,""level"":WARN}"
material,619f270a8a1744df0e372926,material,"{""code"":400,""subCode"":400,""message"":字段code=vip 类型为NumberInt的值只能为0/1,""reason"":字段code=vip 类型为NumberInt的值只能为0/1,""level"":WARN}"
material,619ca2a2c28b15902a6a2c4b,material,"{""code"":400,""subCode"":400,""message"":字段code=vip 类型为NumberInt的值只能为0/1,""reason"":字段code=vip 类型为NumberInt的值只能为0/1,""level"":WARN}"
material,619ca09d861744f60e22ac28,material,"{""code"":400,""subCode"":400,""message"":字段code=vip 类型为NumberInt的值只能为0/1,""reason"":字段code=vip 类型为NumberInt的值只能为0/1,""level"":WARN}"
material,618f2c7e2b1744080f16e53d,material,"{""code"":400,""subCode"":400,""message"":字段code=vip 类型为NumberInt的值只能为0/1,""reason"":字段code=vip 类型为NumberInt的值只能为0/1,""level"":WARN}"
material,618f2c34e3ff1411568d8baa,material,"{""code"":400,""subCode"":400,""message"":字段code=vip 类型为NumberInt的值只能为0/1,""reason"":字段code=vip 类型为NumberInt的值只能为0/1,""level"":WARN}"
material,6184fa254518164340dbcffa,material,"{""code"":400,""subCode"":400,""message"":字段code=vip 类型为NumberInt的值只能为0/1,""reason"":字段code=vip 类型为NumberInt的值只能为0/1,""level"":WARN}"
material,6184f9e38d1744f5252de612,material,"{""code"":400,""subCode"":400,""message"":字段code=vip 类型为NumberInt的值只能为0/1,""reason"":字段code=vip 类型为NumberInt的值只能为0/1,""level"":WARN}"
material,60c300c47984d3f40e7e1b82,material,"{""code"":400,""subCode"":400,""message"":字段code=vip 类型为NumberInt的值只能为0/1,""reason"":字段code=vip 类型为NumberInt的值只能为0/1,""level"":WARN}"
material,6080d163a54fdac1798b46b1,material,"{""code"":400,""subCode"":400,""message"":字段code=iconBig2 必填字段值不存在,""reason"":字段code=iconBig2 必填字段值不存在,""level"":WARN}"
material,6080d163a54fdac1798b46b0,material,"{""code"":400,""subCode"":400,""message"":字段code=iconBig2 必填字段值不存在,""reason"":字段code=iconBig2 必填字段值不存在,""level"":WARN}"
material,6080d163a54fdac1798b46af,material,"{""code"":400,""subCode"":400,""message"":字段code=iconBig2 必填字段值不存在,""reason"":字段code=iconBig2 必填字段值不存在,""level"":WARN}"
material,6080d163a54fdac1798b46ae,material,"{""code"":400,""subCode"":400,""message"":字段code=iconBig2 必填字段值不存在,""reason"":字段code=iconBig2 必填字段值不存在,""level"":WARN}"
material,6080d163a54fdac1798b46ad,material,"{""code"":400,""subCode"":400,""message"":字段code=iconBig2 必填字段值不存在,""reason"":字段code=iconBig2 必填字段值不存在,""level"":WARN}"
material,6080d163a54fdac1798b46ac,material,"{""code"":400,""subCode"":400,""message"":字段code=iconBig2 必填字段值不存在,""reason"":字段code=iconBig2 必填字段值不存在,""level"":WARN}"
material,6080d163a54fdac1798b46ab,material,"{""code"":400,""subCode"":400,""message"":字段code=iconBig2 必填字段值不存在,""reason"":字段code=iconBig2 必填字段值不存在,""level"":WARN}"
material,6080d163a54fdac1798b46aa,material,"{""code"":400,""subCode"":400,""message"":字段code=iconBig2 必填字段值不存在,""reason"":字段code=iconBig2 必填字段值不存在,""level"":WARN}"
material,6080d163a54fdac1798b46a9,material,"{""code"":400,""subCode"":400,""message"":字段code=iconBig2 必填字段值不存在,""reason"":字段code=iconBig2 必填字段值不存在,""level"":WARN}"
material,6080d163a54fdac1798b46a8,material,"{""code"":400,""subCode"":400,""message"":字段code=iconBig2 必填字段值不存在,""reason"":字段code=iconBig2 必填字段值不存在,""level"":WARN}"
material,6080d163a54fdac1798b46a7,material,"{""code"":400,""subCode"":400,""message"":字段code=iconBig2 必填字段值不存在,""reason"":字段code=iconBig2 必填字段值不存在,""level"":WARN}"
material,6080d163a54fdac1798b46a6,material,"{""code"":400,""subCode"":400,""message"":字段code=iconBig2 必填字段值不存在,""reason"":字段code=iconBig2 必填字段值不存在,""level"":WARN}"
material,6080d163a54fdac1798b46a5,material,"{""code"":400,""subCode"":400,""message"":字段code=iconBig2 必填字段值不存在,""reason"":字段code=iconBig2 必填字段值不存在,""level"":WARN}"
material,6080d163a54fdac1798b46a4,material,"{""code"":400,""subCode"":400,""message"":字段code=iconBig2 必填字段值不存在,""reason"":字段code=iconBig2 必填字段值不存在,""level"":WARN}"
material,6080d163a54fdac1798b46a3,material,"{""code"":400,""subCode"":400,""message"":字段code=iconBig2 必填字段值不存在,""reason"":字段code=iconBig2 必填字段值不存在,""level"":WARN}"
material,6080d163a54fdac1798b46a2,material,"{""code"":400,""subCode"":400,""message"":字段code=iconBig2 必填字段值不存在,""reason"":字段code=iconBig2 必填字段值不存在,""level"":WARN}"
material,6080d163a54fdac1798b46a1,material,"{""code"":400,""subCode"":400,""message"":字段code=iconBig2 必填字段值不存在,""reason"":字段code=iconBig2 必填字段值不存在,""level"":WARN}"
material,6080d163a54fdac1798b46a0,material,"{""code"":400,""subCode"":400,""message"":字段code=iconBig2 必填字段值不存在,""reason"":字段code=iconBig2 必填字段值不存在,""level"":WARN}"
material,6080d163a54fdac1798b469f,material,"{""code"":400,""subCode"":400,""message"":字段code=iconBig2 必填字段值不存在,""reason"":字段code=iconBig2 必填字段值不存在,""level"":WARN}"
material,6080d163a54fdac1798b469e,material,"{""code"":400,""subCode"":400,""message"":字段code=iconBig2 必填字段值不存在,""reason"":字段code=iconBig2 必填字段值不存在,""level"":WARN}"
material,6080d163a54fdac1798b469d,material,"{""code"":400,""subCode"":400,""message"":字段code=iconBig2 必填字段值不存在,""reason"":字段code=iconBig2 必填字段值不存在,""level"":WARN}"
material,6080d163a54fdac1798b469c,material,"{""code"":400,""subCode"":400,""message"":字段code=iconBig2 必填字段值不存在,""reason"":字段code=iconBig2 必填字段值不存在,""level"":WARN}"
material,6080d163a54fdac1798b469b,material,"{""code"":400,""subCode"":400,""message"":字段code=iconBig2 必填字段值不存在,""reason"":字段code=iconBig2 必填字段值不存在,""level"":WARN}"
material,6080d163a54fdac1798b469a,material,"{""code"":400,""subCode"":400,""message"":字段code=iconBig2 必填字段值不存在,""reason"":字段code=iconBig2 必填字段值不存在,""level"":WARN}"
material,6080d163a54fdac1798b4699,material,"{""code"":400,""subCode"":400,""message"":字段code=iconBig2 必填字段值不存在,""reason"":字段code=iconBig2 必填字段值不存在,""level"":WARN}"
material,6080d163a54fdac1798b4698,material,"{""code"":400,""subCode"":400,""message"":字段code=iconBig2 必填字段值不存在,""reason"":字段code=iconBig2 必填字段值不存在,""level"":WARN}"
material,6080d163a54fdac1798b4697,material,"{""code"":400,""subCode"":400,""message"":字段code=iconBig2 必填字段值不存在,""reason"":字段code=iconBig2 必填字段值不存在,""level"":WARN}"
material,6080d163a54fdac1798b4696,material,"{""code"":400,""subCode"":400,""message"":字段code=iconBig2 必填字段值不存在,""reason"":字段code=iconBig2 必填字段值不存在,""level"":WARN}"
material,6080d163a54fdac1798b4695,material,"{""code"":400,""subCode"":400,""message"":字段code=iconBig2 必填字段值不存在,""reason"":字段code=iconBig2 必填字段值不存在,""level"":WARN}"
material,6080d163a54fdac1798b4694,material,"{""code"":400,""subCode"":400,""message"":字段code=iconBig2 必填字段值不存在,""reason"":字段code=iconBig2 必填字段值不存在,""level"":WARN}"
material,6080d163a54fdac1798b4693,material,"{""code"":400,""subCode"":400,""message"":字段code=iconBig2 必填字段值不存在,""reason"":字段code=iconBig2 必填字段值不存在,""level"":WARN}"
material,6080d163a54fdac1798b4692,material,"{""code"":400,""subCode"":400,""message"":字段code=iconBig2 必填字段值不存在,""reason"":字段code=iconBig2 必填字段值不存在,""level"":WARN}"
material,6080d163a54fdac1798b4691,material,"{""code"":400,""subCode"":400,""message"":字段code=iconBig2 必填字段值不存在,""reason"":字段code=iconBig2 必填字段值不存在,""level"":WARN}"
material,6080d163a54fdac1798b4690,material,"{""code"":400,""subCode"":400,""message"":字段code=iconBig2 必填字段值不存在,""reason"":字段code=iconBig2 必填字段值不存在,""level"":WARN}"
material,6080d163a54fdac1798b468f,material,"{""code"":400,""subCode"":400,""message"":字段code=iconBig2 必填字段值不存在,""reason"":字段code=iconBig2 必填字段值不存在,""level"":WARN}"
material,6080d163a54fdac1798b468e,material,"{""code"":400,""subCode"":400,""message"":字段code=iconBig2 必填字段值不存在,""reason"":字段code=iconBig2 必填字段值不存在,""level"":WARN}"
material,6080d163a54fdac1798b468d,material,"{""code"":400,""subCode"":400,""message"":字段code=iconBig2 必填字段值不存在,""reason"":字段code=iconBig2 必填字段值不存在,""level"":WARN}"
material,6080d163a54fdac1798b468c,material,"{""code"":400,""subCode"":400,""message"":字段code=iconBig2 必填字段值不存在,""reason"":字段code=iconBig2 必填字段值不存在,""level"":WARN}"
material,6080d163a54fdac1798b468b,material,"{""code"":400,""subCode"":400,""message"":字段code=iconBig2 必填字段值不存在,""reason"":字段code=iconBig2 必填字段值不存在,""level"":WARN}"
material,6080d163a54fdac1798b468a,material,"{""code"":400,""subCode"":400,""message"":字段code=iconBig2 必填字段值不存在,""reason"":字段code=iconBig2 必填字段值不存在,""level"":WARN}"
material,6080d163a54fdac1798b4689,material,"{""code"":400,""subCode"":400,""message"":字段code=iconBig2 必填字段值不存在,""reason"":字段code=iconBig2 必填字段值不存在,""level"":WARN}"
material,6080d163a54fdac1798b4688,material,"{""code"":400,""subCode"":400,""message"":字段code=iconBig2 必填字段值不存在,""reason"":字段code=iconBig2 必填字段值不存在,""level"":WARN}"
material,6080d163a54fdac1798b4687,material,"{""code"":400,""subCode"":400,""message"":字段code=iconBig2 必填字段值不存在,""reason"":字段code=iconBig2 必填字段值不存在,""level"":WARN}"
material,6080d163a54fdac1798b4686,material,"{""code"":400,""subCode"":400,""message"":字段code=iconBig2 必填字段值不存在,""reason"":字段code=iconBig2 必填字段值不存在,""level"":WARN}"
material,6080d163a54fdac1798b4685,material,"{""code"":400,""subCode"":400,""message"":字段code=iconBig2 必填字段值不存在,""reason"":字段code=iconBig2 必填字段值不存在,""level"":WARN}"
material,6080d163a54fdac1798b4684,material,"{""code"":400,""subCode"":400,""message"":字段code=iconBig2 必填字段值不存在,""reason"":字段code=iconBig2 必填字段值不存在,""level"":WARN}"
material,6080d163a54fdac1798b4683,material,"{""code"":400,""subCode"":400,""message"":字段code=iconBig2 必填字段值不存在,""reason"":字段code=iconBig2 必填字段值不存在,""level"":WARN}"
material,6080d163a54fdac1798b4682,material,"{""code"":400,""subCode"":400,""message"":字段code=iconBig2 必填字段值不存在,""reason"":字段code=iconBig2 必填字段值不存在,""level"":WARN}"
material,6080d163a54fdac1798b4681,material,"{""code"":400,""subCode"":400,""message"":字段code=iconBig2 必填字段值不存在,""reason"":字段code=iconBig2 必填字段值不存在,""level"":WARN}"
material,6080d163a54fdac1798b4680,material,"{""code"":400,""subCode"":400,""message"":字段code=iconBig2 必填字段值不存在,""reason"":字段code=iconBig2 必填字段值不存在,""level"":WARN}"
material,6080d163a54fdac1798b467f,material,"{""code"":400,""subCode"":400,""message"":字段code=iconBig2 必填字段值不存在,""reason"":字段code=iconBig2 必填字段值不存在,""level"":WARN}"
material,6080d163a54fdac1798b467e,material,"{""code"":400,""subCode"":400,""message"":字段code=iconBig2 必填字段值不存在,""reason"":字段code=iconBig2 必填字段值不存在,""level"":WARN}"
material,6080d163a54fdac1798b467d,material,"{""code"":400,""subCode"":400,""message"":字段code=iconBig2 必填字段值不存在,""reason"":字段code=iconBig2 必填字段值不存在,""level"":WARN}"
material,6080d163a54fdac1798b467c,material,"{""code"":400,""subCode"":400,""message"":字段code=iconBig2 必填字段值不存在,""reason"":字段code=iconBig2 必填字段值不存在,""level"":WARN}"
material,6080d163a54fdac1798b467b,material,"{""code"":400,""subCode"":400,""message"":字段code=iconBig2 必填字段值不存在,""reason"":字段code=iconBig2 必填字段值不存在,""level"":WARN}"
material,6080d15aa54fdac1798b45e8,material,"{""code"":400,""subCode"":400,""message"":字段code=storeIcon 必填字段值不存在,""reason"":字段code=storeIcon 必填字段值不存在,""level"":WARN}"
material,6080d157a54fdac1798b45a3,material,"{""code"":400,""subCode"":400,""message"":字段code=storeIcon 必填字段值不存在,""reason"":字段code=storeIcon 必填字段值不存在,""level"":WARN}"
material,6080d156a54fdac1798b45a0,material,"{""code"":400,""subCode"":400,""message"":字段code=storeIcon 必填字段值不存在,""reason"":字段code=storeIcon 必填字段值不存在,""level"":WARN}"
material,6080d156a54fdac1798b459a,material,"{""code"":400,""subCode"":400,""message"":字段code=storeIcon 必填字段值不存在,""reason"":字段code=storeIcon 必填字段值不存在,""level"":WARN}"
material,6080d156a54fdac1798b4597,material,"{""code"":400,""subCode"":400,""message"":字段code=storeIcon 必填字段值不存在,""reason"":字段code=storeIcon 必填字段值不存在,""level"":WARN}"
material,6080d156a54fdac1798b4594,material,"{""code"":400,""subCode"":400,""message"":字段code=storeIcon 必填字段值不存在,""reason"":字段code=storeIcon 必填字段值不存在,""level"":WARN}"
material,6080d155a54fdac1798b4591,material,"{""code"":400,""subCode"":400,""message"":字段code=storeIcon 必填字段值不存在,""reason"":字段code=storeIcon 必填字段值不存在,""level"":WARN}"
material,6080d155a54fdac1798b458b,material,"{""code"":400,""subCode"":400,""message"":字段code=storeIcon 必填字段值不存在,""reason"":字段code=storeIcon 必填字段值不存在,""level"":WARN}"
material,6080d155a54fdac1798b4588,material,"{""code"":400,""subCode"":400,""message"":字段code=storeIcon 必填字段值不存在,""reason"":字段code=storeIcon 必填字段值不存在,""level"":WARN}"
material,6080d155a54fdac1798b4585,material,"{""code"":400,""subCode"":400,""message"":字段code=storeIcon 必填字段值不存在,""reason"":字段code=storeIcon 必填字段值不存在,""level"":WARN}"
material,6080d154a54fdac1798b457f,material,"{""code"":400,""subCode"":400,""message"":字段code=storeIcon 必填字段值不存在,""reason"":字段code=storeIcon 必填字段值不存在,""level"":WARN}"
material,6080d154a54fdac1798b457c,material,"{""code"":400,""subCode"":400,""message"":字段code=storeIcon 必填字段值不存在,""reason"":字段code=storeIcon 必填字段值不存在,""level"":WARN}"
material,6080d154a54fdac1798b4579,material,"{""code"":400,""subCode"":400,""message"":字段code=storeIcon 必填字段值不存在,""reason"":字段code=storeIcon 必填字段值不存在,""level"":WARN}"
material,6080d154a54fdac1798b4573,material,"{""code"":400,""subCode"":400,""message"":字段code=storeIcon 必填字段值不存在,""reason"":字段code=storeIcon 必填字段值不存在,""level"":WARN}"
material,6080d153a54fdac1798b456d,material,"{""code"":400,""subCode"":400,""message"":字段code=storeIcon 必填字段值不存在,""reason"":字段code=storeIcon 必填字段值不存在,""level"":WARN}"
material,6080d153a54fdac1798b456a,material,"{""code"":400,""subCode"":400,""message"":字段code=storeIcon 必填字段值不存在,""reason"":字段code=storeIcon 必填字段值不存在,""level"":WARN}"
material,6080d153a54fdac1798b4567,material,"{""code"":400,""subCode"":400,""message"":字段code=storeIcon 必填字段值不存在,""reason"":字段code=storeIcon 必填字段值不存在,""level"":WARN}"
material,5feaccbe5e85d34717883254,material,"{""code"":400,""subCode"":400,""message"":字段code=iconBig2 必填字段值不存在,""reason"":字段code=iconBig2 必填字段值不存在,""level"":WARN}"
material,5feacc7ae3ff146d5a8d8bb5,material,"{""code"":400,""subCode"":400,""message"":字段code=iconBig2 必填字段值不存在,""reason"":字段code=iconBig2 必填字段值不存在,""level"":WARN}"
material,5feac7745f85d3461bba74f4,material,"{""code"":400,""subCode"":400,""message"":字段code=iconBig2 必填字段值不存在,""reason"":字段code=iconBig2 必填字段值不存在,""level"":WARN}"
material,5fc9f9b94085d38d46dceb7e,material,"{""code"":400,""subCode"":400,""message"":字段code=iconBig2 必填字段值不存在,""reason"":字段code=iconBig2 必填字段值不存在,""level"":WARN}"
material,5f9946f1e3ff146f169dec3a,material,"{""code"":400,""subCode"":400,""message"":字段code=iconBig2 必填字段值不存在,""reason"":字段code=iconBig2 必填字段值不存在,""level"":WARN}"
material,5f994681e3ff14777c9dec41,material,"{""code"":400,""subCode"":400,""message"":字段code=iconBig2 必填字段值不存在,""reason"":字段code=iconBig2 必填字段值不存在,""level"":WARN}"
material,5f9945b7c28b151b62941606,material,"{""code"":400,""subCode"":400,""message"":字段code=iconBig2 必填字段值不存在,""reason"":字段code=iconBig2 必填字段值不存在,""level"":WARN}"
material,5f4371c63985d30873e05226,material,"{""code"":400,""subCode"":400,""message"":字段code=iconBig2 必填字段值不存在,""reason"":字段code=iconBig2 必填字段值不存在,""level"":WARN}"
material,5f43697c3885d3d716b460e2,material,"{""code"":400,""subCode"":400,""message"":字段code=iconBig2 必填字段值不存在,""reason"":字段code=iconBig2 必填字段值不存在,""level"":WARN}"
material,5f436791c28b159f419415f8,material,"{""code"":400,""subCode"":400,""message"":字段code=iconBig2 必填字段值不存在,""reason"":字段code=iconBig2 必填字段值不存在,""level"":WARN}"
material,5f3cff2be3ff14924f9dec37,material,"{""code"":400,""subCode"":400,""message"":字段code=iconBig2 必填字段值不存在,""reason"":字段code=iconBig2 必填字段值不存在,""level"":WARN}"
material,5f3cfcb8e3ff14d56a9dec3f,material,"{""code"":400,""subCode"":400,""message"":字段code=storeIcon 必填字段值不存在,""reason"":字段code=storeIcon 必填字段值不存在,""level"":WARN}"
material,5f3357c93885d3920db460d7,material,"{""code"":400,""subCode"":400,""message"":字段code=iconBig2 必填字段值不存在,""reason"":字段code=iconBig2 必填字段值不存在,""level"":WARN}"
material,5f33570ee3ff14b0219dec36,material,"{""code"":400,""subCode"":400,""message"":字段code=iconBig2 必填字段值不存在,""reason"":字段code=iconBig2 必填字段值不存在,""level"":WARN}"
material,5f2130b7c28b15716f9415f6,material,"{""code"":400,""subCode"":400,""message"":字段code=iconBig2 必填字段值不存在,""reason"":字段code=iconBig2 必填字段值不存在,""level"":WARN}"
material,5f212f58c28b15366f9415f6,material,"{""code"":400,""subCode"":400,""message"":字段code=iconBig2 必填字段值不存在,""reason"":字段code=iconBig2 必填字段值不存在,""level"":WARN}"
material,5f1a94a8f34b855425fe258f,material,"{""code"":400,""subCode"":400,""message"":字段code=iconBig2 必填字段值不存在,""reason"":字段code=iconBig2 必填字段值不存在,""level"":WARN}"
material,5f1a9407f40fcfcc49e3234b,material,"{""code"":400,""subCode"":400,""message"":字段code=iconBig2 必填字段值不存在,""reason"":字段code=iconBig2 必填字段值不存在,""level"":WARN}"
material,5f1570269ac530b478b9aec6,material,"{""code"":400,""subCode"":400,""message"":字段code=iconBig2 必填字段值不存在,""reason"":字段code=iconBig2 必填字段值不存在,""level"":WARN}"
material,5f156e9ef40fcfe336e32348,material,"{""code"":400,""subCode"":400,""message"":字段code=storeIcon 必填字段值不存在,""reason"":字段code=storeIcon 必填字段值不存在,""level"":WARN}"
material,5f0e63ebfb27044660d689a4,material,"{""code"":400,""subCode"":400,""message"":字段code=iconBig2 必填字段值不存在,""reason"":字段code=iconBig2 必填字段值不存在,""level"":WARN}"
material,5f0d89f2ecf8c3aa44a73b5d,material,"{""code"":400,""subCode"":400,""message"":字段code=iconBig2 必填字段值不存在,""reason"":字段code=iconBig2 必填字段值不存在,""level"":WARN}"
material,5f0d87919ac5307479b9aec6,material,"{""code"":400,""subCode"":400,""message"":字段code=iconBig2 必填字段值不存在,""reason"":字段code=iconBig2 必填字段值不存在,""level"":WARN}"
material,5f0d86b4fb2704352dd689a3,material,"{""code"":400,""subCode"":400,""message"":字段code=iconBig2 必填字段值不存在,""reason"":字段code=iconBig2 必填字段值不存在,""level"":WARN}"
material,5f067ace9ac5309b70b9aec4,material,"{""code"":400,""subCode"":400,""message"":字段code=iconBig2 必填字段值不存在,""reason"":字段code=iconBig2 必填字段值不存在,""level"":WARN}"
material,5f067a71f34b850836fe2594,material,"{""code"":400,""subCode"":400,""message"":字段code=iconBig2 必填字段值不存在,""reason"":字段code=iconBig2 必填字段值不存在,""level"":WARN}"
material,5f0679e7ecf8c31a16a73b56,material,"{""code"":400,""subCode"":400,""message"":字段code=iconBig2 必填字段值不存在,""reason"":字段code=iconBig2 必填字段值不存在,""level"":WARN}"
material,5efb1a4ff40fcf7c48e32346,material,"{""code"":400,""subCode"":400,""message"":字段code=iconBig2 必填字段值不存在,""reason"":字段code=iconBig2 必填字段值不存在,""level"":WARN}"
material,5efb18ccf34b85c85afe2591,material,"{""code"":400,""subCode"":400,""message"":字段code=iconBig2 必填字段值不存在,""reason"":字段code=iconBig2 必填字段值不存在,""level"":WARN}"
material,5efb18089ac530ba58b9aec4,material,"{""code"":400,""subCode"":400,""message"":字段code=iconBig2 必填字段值不存在,""reason"":字段code=iconBig2 必填字段值不存在,""level"":WARN}"
material,5ef2c9a4ecf8c30f2ea73b5d,material,"{""code"":400,""subCode"":400,""message"":字段code=iconBig2 必填字段值不存在,""reason"":字段code=iconBig2 必填字段值不存在,""level"":WARN}"
material,5ef2c8adf40fcf070de32347,material,"{""code"":400,""subCode"":400,""message"":字段code=iconBig2 必填字段值不存在,""reason"":字段code=iconBig2 必填字段值不存在,""level"":WARN}"
material,5ee9f373fb2704b322d689af,material,"{""code"":400,""subCode"":400,""message"":字段code=iconBig2 必填字段值不存在,""reason"":字段code=iconBig2 必填字段值不存在,""level"":WARN}"
material,5ee9f30af40fcf1454e32346,material,"{""code"":400,""subCode"":400,""message"":字段code=iconBig2 必填字段值不存在,""reason"":字段code=iconBig2 必填字段值不存在,""level"":WARN}"
material,5ee9f25efb2704932ad689a6,material,"{""code"":400,""subCode"":400,""message"":字段code=iconBig2 必填字段值不存在,""reason"":字段code=iconBig2 必填字段值不存在,""level"":WARN}"
material,5ee9f1c8f40fcfe273e32352,material,"{""code"":400,""subCode"":400,""message"":字段code=iconBig2 必填字段值不存在,""reason"":字段code=iconBig2 必填字段值不存在,""level"":WARN}"
material,5ee0e172fb2704fb25d689a6,material,"{""code"":400,""subCode"":400,""message"":字段code=iconBig2 必填字段值不存在,""reason"":字段code=iconBig2 必填字段值不存在,""level"":WARN}"
material,5ee0ddecf40fcf2f70e32344,material,"{""code"":400,""subCode"":400,""message"":字段code=iconBig2 必填字段值不存在,""reason"":字段code=iconBig2 必填字段值不存在,""level"":WARN}"
material,5ed0e5c2f34b85635ffe30de,material,"{""code"":400,""subCode"":400,""message"":字段code=iconBig2 必填字段值不存在,""reason"":字段code=iconBig2 必填字段值不存在,""level"":WARN}"
material,5ed0e22dfb27041260d69a9a,material,"{""code"":400,""subCode"":400,""message"":字段code=iconBig2 必填字段值不存在,""reason"":字段code=iconBig2 必填字段值不存在,""level"":WARN}"
material,5ecfacb8f40fcf1472e339bd,material,"{""code"":400,""subCode"":400,""message"":字段code=iconBig2 必填字段值不存在,""reason"":字段code=iconBig2 必填字段值不存在,""level"":WARN}"
material,5ecfac02fb2704181cd69985,material,"{""code"":400,""subCode"":400,""message"":字段code=iconBig2 必填字段值不存在,""reason"":字段code=iconBig2 必填字段值不存在,""level"":WARN}"
material,5ecfa55b9ac5309629b9b821,material,"{""code"":400,""subCode"":400,""message"":字段code=iconBig2 必填字段值不存在,""reason"":字段code=iconBig2 必填字段值不存在,""level"":WARN}"
material,5ecf9a459ac530ee30b9c6a9,material,"{""code"":400,""subCode"":400,""message"":字段code=iconBig2 必填字段值不存在,""reason"":字段code=iconBig2 必填字段值不存在,""level"":WARN}"
material,5ecf98bc9ac530845cb9bae2,material,"{""code"":400,""subCode"":400,""message"":字段code=iconBig2 必填字段值不存在,""reason"":字段code=iconBig2 必填字段值不存在,""level"":WARN}"
material,5ecf9794ecf8c3843fa74fdd,material,"{""code"":400,""subCode"":400,""message"":字段code=iconBig2 必填字段值不存在,""reason"":字段code=iconBig2 必填字段值不存在,""level"":WARN}"
material,5ecf96b6f34b852f41fe383b,material,"{""code"":400,""subCode"":400,""message"":字段code=iconBig2 必填字段值不存在,""reason"":字段code=iconBig2 必填字段值不存在,""level"":WARN}"
material,5ecf9460fb27048d29d6a34a,material,"{""code"":400,""subCode"":400,""message"":字段code=storeIcon 必填字段值不存在,""reason"":字段code=storeIcon 必填字段值不存在,""level"":WARN}"
material,5ecf6a86f40fcf9446e32d97,material,"{""code"":400,""subCode"":400,""message"":字段code=iconBig2 必填字段值不存在,""reason"":字段code=iconBig2 必填字段值不存在,""level"":WARN}"
material,5ecf6418f40fcf7e03e33e36,material,"{""code"":400,""subCode"":400,""message"":字段code=iconBig2 必填字段值不存在,""reason"":字段code=iconBig2 必填字段值不存在,""level"":WARN}"
material,5ecf626afb27045a69d68c6e,material,"{""code"":400,""subCode"":400,""message"":字段code=iconBig2 必填字段值不存在,""reason"":字段code=iconBig2 必填字段值不存在,""level"":WARN}"
material,5ecf5beffb2704c324d68ff4,material,"{""code"":400,""subCode"":400,""message"":字段code=iconBig2 必填字段值不存在,""reason"":字段code=iconBig2 必填字段值不存在,""level"":WARN}"
material,5ecf5b3cecf8c3112fa7502d,material,"{""code"":400,""subCode"":400,""message"":字段code=iconBig2 必填字段值不存在,""reason"":字段code=iconBig2 必填字段值不存在,""level"":WARN}"
material,5ecf58a7f34b85be4efe32f7,material,"{""code"":400,""subCode"":400,""message"":字段code=iconBig2 必填字段值不存在,""reason"":字段code=iconBig2 必填字段值不存在,""level"":WARN}"
material,5ecf580cecf8c3695fa73ff6,material,"{""code"":400,""subCode"":400,""message"":字段code=iconBig2 必填字段值不存在,""reason"":字段code=iconBig2 必填字段值不存在,""level"":WARN}"
material,5ecf55e3fb27044155d68b64,material,"{""code"":400,""subCode"":400,""message"":字段code=storeIcon 必填字段值不存在,""reason"":字段code=storeIcon 必填字段值不存在,""level"":WARN}"
material,5ecf5212f34b850949fe293f,material,"{""code"":400,""subCode"":400,""message"":字段code=storeIcon 必填字段值不存在,""reason"":字段code=storeIcon 必填字段值不存在,""level"":WARN}"
material,5ecf50b59ac530b213b9b081,material,"{""code"":400,""subCode"":400,""message"":字段code=storeIcon 必填字段值不存在,""reason"":字段code=storeIcon 必填字段值不存在,""level"":WARN}"
material,5ecf3391ecf8c37f0ca75483,material,"{""code"":400,""subCode"":400,""message"":字段code=storeIcon 必填字段值不存在,""reason"":字段code=storeIcon 必填字段值不存在,""level"":WARN}"
material,5ecf2260ecf8c37a74a7529e,material,"{""code"":400,""subCode"":400,""message"":字段code=iconBig2 必填字段值不存在,""reason"":字段code=iconBig2 必填字段值不存在,""level"":WARN}"
material,5ece42fef34b85b37efe36ae,material,"{""code"":400,""subCode"":400,""message"":字段code=storeIcon 必填字段值不存在,""reason"":字段code=storeIcon 必填字段值不存在,""level"":WARN}"
material,5ece420cfb2704db01d6982e,material,"{""code"":400,""subCode"":400,""message"":字段code=storeIcon 必填字段值不存在,""reason"":字段code=storeIcon 必填字段值不存在,""level"":WARN}"
material,5ece4147f34b850d5dfe3017,material,"{""code"":400,""subCode"":400,""message"":字段code=storeIcon 必填字段值不存在,""reason"":字段code=storeIcon 必填字段值不存在,""level"":WARN}"
material,5ecd15c0fb2704464cd6a0a5,material,"{""code"":400,""subCode"":400,""message"":字段code=iconBig2 必填字段值不存在,""reason"":字段code=iconBig2 必填字段值不存在,""level"":WARN}"
material,5ecd14db9ac5302b3fb9c29e,material,"{""code"":400,""subCode"":400,""message"":字段code=iconBig2 必填字段值不存在,""reason"":字段code=iconBig2 必填字段值不存在,""level"":WARN}"
material,5eccf1b3f40fcf9f6de3342d,material,"{""code"":400,""subCode"":400,""message"":字段code=storeIcon 必填字段值不存在,""reason"":字段code=storeIcon 必填字段值不存在,""level"":WARN}"
material,5eccdeb2fb27041c40d694c1,material,"{""code"":400,""subCode"":400,""message"":字段code=storeIcon 必填字段值不存在,""reason"":字段code=storeIcon 必填字段值不存在,""level"":WARN}"
material,5eccdab8ecf8c35c1aa754a5,material,"{""code"":400,""subCode"":400,""message"":字段code=storeIcon 必填字段值不存在,""reason"":字段code=storeIcon 必填字段值不存在,""level"":WARN}"
material,5eccd915f40fcfcf60e32f81,material,"{""code"":400,""subCode"":400,""message"":字段code=storeIcon 必填字段值不存在,""reason"":字段code=storeIcon 必填字段值不存在,""level"":WARN}"
material,5eccd78afb2704114bd692d0,material,"{""code"":400,""subCode"":400,""message"":字段code=storeIcon 必填字段值不存在,""reason"":字段code=storeIcon 必填字段值不存在,""level"":WARN}"
material,5eccd1e2f34b85a968fe2dd9,material,"{""code"":400,""subCode"":400,""message"":字段code=storeIcon 必填字段值不存在,""reason"":字段code=storeIcon 必填字段值不存在,""level"":WARN}"
material,5ecccf379ac5302a7db9c16b,material,"{""code"":400,""subCode"":400,""message"":字段code=storeIcon 必填字段值不存在,""reason"":字段code=storeIcon 必填字段值不存在,""level"":WARN}"
material,5ecccbd5f40fcf087ee32a9a,material,"{""code"":400,""subCode"":400,""message"":字段code=iconBig2 必填字段值不存在,""reason"":字段code=iconBig2 必填字段值不存在,""level"":WARN}"
material,5eccc346f40fcff533e32566,material,"{""code"":400,""subCode"":400,""message"":字段code=storeIcon 必填字段值不存在,""reason"":字段code=storeIcon 必填字段值不存在,""level"":WARN}"
material,5ecb9ca09ac5309d47b9b581,material,"{""code"":400,""subCode"":400,""message"":字段code=storeIcon 必填字段值不存在,""reason"":字段code=storeIcon 必填字段值不存在,""level"":WARN}"
material,62e9d199c8567f3de70d9a35,material,"{""code"":400,""subCode"":400,""message"":字段code=1111的数据类型需NumIntArray类型,""reason"":字段code=1111的数据类型需NumIntArray类型,""level"":WARN}"
material,62eb66ce9ba14568a709df72,material,"{""code"":400,""subCode"":400,""message"":字段code=xiaoshu的数据类型需NumFloat类型,""reason"":字段code=xiaoshu的数据类型需NumFloat类型,""level"":WARN}"
material,62e9d199c8567f3de70d9a35,material,"{""code"":400,""subCode"":400,""message"":字段code=1111的数据类型需NumIntArray类型,""reason"":字段code=1111的数据类型需NumIntArray类型,""level"":WARN}"
material,6348db4f15fc7647943f2a91,material,"{""code"":400,""subCode"":400,""message"":本地化存在自定义字段,但没有配置本地化内容,将导致客户端下发数据缺少自定义字段!,""reason"":本地化存在自定义字段,但没有配置本地化内容,将导致客户端下发数据缺少自定义字段!,""level"":WARN}"
material,62eb66ce9ba14568a709df72,material,"{""code"":400,""subCode"":400,""message"":字段code=xiaoshu的数据类型需NumFloat类型,""reason"":字段code=xiaoshu的数据类型需NumFloat类型,""level"":WARN}"
material,62e9d199c8567f3de70d9a35,material,"{""code"":400,""subCode"":400,""message"":字段code=1111的数据类型需NumIntArray类型,""reason"":字段code=1111的数据类型需NumIntArray类型,""level"":WARN}"
